{
  "contacts": [
    {
      "fullname": "سینا2",
      "photo": "https://encrypted-tbn0.gstatic.com/images?q=tbn:ANd9GcRwYTrqYuHlpO05K1CfcESEdNd7aHgFfVKxPzj-I8g283U_zasVSQ_a_00&s",
      "phone": "65454121",
      "email": "ll@gmail.com",
      "job": "مهندس",
      "group": "2",
      "id": "fcc1"
    },
    {
      "fullname": "حسین",
      "photo": "https://encrypted-tbn0.gstatic.com/images?q=tbn:ANd9GcRwYTrqYuHlpO05K1CfcESEdNd7aHgFfVKxPzj-I8g283U_zasVSQ_a_00&s",
      "phone": 5451231,
      "email": "fgf@gmail.com",
      "job": "",
      "group": "3",
      "id": "4d85"
    },
    {
      "fullname": "فاطمه2",
      "photo": "https://encrypted-tbn0.gstatic.com/images?q=tbn:ANd9GcRwYTrqYuHlpO05K1CfcESEdNd7aHgFfVKxPzj-I8g283U_zasVSQ_a_00&s",
      "phone": 64541231,
      "email": "kk@gmail.com",
      "job": "",
      "group": "4",
      "id": "10b3"
    }
  ],
  "groups": [
    {
      "id": "1",
      "name": "همکار"
    },
    {
      "id": "2",
      "name": "دوست"
    },
    {
      "id": "3",
      "name": "فامیل"
    },
    {
      "id": "4",
      "name": "سرویس"
    }
  ]
}